# run2_gg_singlet_13TeV: gg -> tt, colour singlet only (g g > t t~ > b e+ ve b~ mu- vm~).
# T = sigma_with / sigma_without per bin (13 TeV, LO MadGraph, CT25NNLO with its alpha_s(Q)).
# WITH: gg |M|^2 -> |M|^2 + (|G/G0|^2 - 1)|M_singlet|^2 for W <= 350 GeV, p* <= 50 GeV (Fuks (16), (19)-(20)); G from our JKT solver with CT25NNLO alpha_s(Q). Parton-level tops (t = b e+ ve, tbar = b~ mu- vm~). Errors: MC statistics of the two independent samples.
# HT_ttbar = pT(t) + pT(tbar); abs_y_boost = |y_t + y_tbar|/2.
distribution,bin,x_lo,x_hi,sigma_without_pb,sigma_without_err,sigma_with_pb,sigma_with_err,T,T_err
abs_y_ttbar_0-2.4,0,0,0.12,0.086982192,0.0020733567,0.088876598,0.0021436283,1.0217792,0.034648945
abs_y_ttbar_0-2.4,1,0.12,0.24,0.08693277,0.0020727675,0.093323013,0.0021965958,1.0735079,0.035966863
abs_y_ttbar_0-2.4,2,0.24,0.36,0.082287131,0.0020166234,0.090686185,0.0021653412,1.1020701,0.037708291
abs_y_ttbar_0-2.4,3,0.36,0.49,0.089749807,0.0021060836,0.094460468,0.0022099417,1.0524866,0.034875381
abs_y_ttbar_0-2.4,4,0.49,0.62,0.082830769,0.0020232739,0.089652135,0.0021529606,1.082353,0.037075292
abs_y_ttbar_0-2.4,5,0.62,0.76,0.085796071,0.0020591716,0.090014053,0.0021573019,1.0491629,0.035585331
abs_y_ttbar_0-2.4,6,0.76,0.91,0.081150431,0.0020026463,0.0868602,0.0021191719,1.0703603,0.037143993
abs_y_ttbar_0-2.4,7,0.91,1.06,0.078382816,0.0019682002,0.07569246,0.0019782541,0.96567671,0.034999315
abs_y_ttbar_0-2.4,8,1.06,1.21,0.068844428,0.0018445619,0.06948816,0.001895445,1.0093505,0.038592616
abs_y_ttbar_0-2.4,9,1.21,1.39,0.068399633,0.0018385935,0.06907454,0.0018897953,1.0098671,0.038732668
abs_y_ttbar_0-2.4,10,1.39,1.59,0.059849679,0.0017198468,0.060285115,0.0017654719,1.0072755,0.041327726
abs_y_ttbar_0-2.4,11,1.59,2.4,0.10887601,0.0023196632,0.11493466,0.0024377057,1.0556473,0.031735661
y_ttbar_-2.6-2.6,0,-2.6,-1.6,0.055500569,0.0016561801,0.06100895,0.0017760392,1.0992491,0.045826026
y_ttbar_-2.6-2.6,1,-1.6,-1.2,0.069635175,0.001855125,0.068764325,0.001885547,0.9874941,0.037752804
y_ttbar_-2.6-2.6,2,-1.2,-0.8,0.099584725,0.0022184784,0.10087158,0.0022837059,1.0129222,0.032172609
y_ttbar_-2.6-2.6,3,-0.8,-0.4,0.12740914,0.0025093378,0.13489182,0.0026408795,1.0587295,0.029401173
y_ttbar_-2.6-2.6,4,-0.4,0,0.14277929,0.0026563876,0.1508679,0.0027928923,1.0566511,0.027732633
y_ttbar_-2.6-2.6,5,0,0.4,0.14198854,0.0026490216,0.14973044,0.002782344,1.0545248,0.027767704
y_ttbar_-2.6-2.6,6,0.4,0.8,0.12488864,0.002484393,0.13623609,0.0026540057,1.0908606,0.030372834
y_ttbar_-2.6-2.6,7,0.8,1.2,0.10091911,0.0022332922,0.10102669,0.002285461,1.0010659,0.031680008
y_ttbar_-2.6-2.6,8,1.2,1.6,0.066916982,0.0018185574,0.068557515,0.0018827095,1.0245159,0.039582665
y_ttbar_-2.6-2.6,9,1.6,2.6,0.055846521,0.0016613338,0.057803395,0.001728751,1.0350402,0.043661158
m_ttbar_250-3500,0,250,400,0.21355117,0.0032487015,0.26156295,0.0036774255,1.2248257,0.025371797
m_ttbar_250-3500,1,400,480,0.33097712,0.0040444347,0.33043068,0.0041332907,0.99834899,0.017457999
m_ttbar_250-3500,2,480,560,0.19264579,0.0030855927,0.19005839,0.0031347239,0.98656915,0.022682009
m_ttbar_250-3500,3,560,640,0.10324193,0.0022588474,0.10567991,0.002337502,1.0236142,0.031846327
m_ttbar_250-3500,4,640,720,0.05698322,0.001678156,0.057441478,0.0017233305,1.008042,0.042378457
m_ttbar_250-3500,5,720,800,0.032371213,0.001264848,0.033399815,0.0013140981,1.0317752,0.057211959
m_ttbar_250-3500,6,800,900,0.025699284,0.0011269882,0.022645695,0.0010820532,0.88118,0.057149003
m_ttbar_250-3500,7,900,1000,0.012948485,0.0007999601,0.012563708,0.00080596221,0.97028395,0.086415322
m_ttbar_250-3500,8,1000,1150,0.010625665,0.00072466437,0.010185393,0.00072567917,0.95856514,0.0945405
m_ttbar_250-3500,9,1150,1300,0.0046950615,0.00048170315,0.0046015225,0.00048776041,0.98007715,0.14458138
m_ttbar_250-3500,10,1300,1500,0.0022733982,0.00033519428,0.002998745,0.00039375451,1.3190584,0.26042806
m_ttbar_250-3500,11,1500,1700,0.0012355425,0.0002471085,0.00124086,0.00025328949,1.0043038,0.28700371
m_ttbar_250-3500,12,1700,2000,0.0006424821,0.00017819247,0.0008789425,0.00021317487,1.368042,0.50403875
m_ttbar_250-3500,13,2000,2300,0.0003953736,0.00013978568,0.0001551075,8.9551357e-05,0.39230616,0.26559253
m_ttbar_250-3500,14,2300,3500,0.0001482651,8.5600895e-05,0.00020681,0.000103405,1.3948664,1.0653468
m_ttbar_325-2000,0,325,400,0.21345232,0.0032479496,0.26109762,0.003674153,1.2232129,0.02535195
m_ttbar_325-2000,1,400,480,0.33097712,0.0040444347,0.33043068,0.0041332907,0.99834899,0.017457999
m_ttbar_325-2000,2,480,580,0.22531353,0.0033369713,0.22159692,0.003384836,0.9835047,0.020924952
m_ttbar_325-2000,3,580,700,0.11544909,0.0023886587,0.12046683,0.0024956835,1.0434627,0.030551669
m_ttbar_325-2000,4,700,860,0.062469029,0.0017570787,0.059612983,0.0017556025,0.9542806,0.038862097
m_ttbar_325-2000,5,860,1020,0.023079934,0.001068012,0.02171505,0.0010595859,0.94086275,0.063271044
m_ttbar_325-2000,6,1020,1250,0.011960051,0.00076882122,0.01220179,0.00079426888,1.0202122,0.09333419
m_ttbar_325-2000,7,1250,1500,0.0032124105,0.00039845048,0.0039810925,0.0004536876,1.2392851,0.20874369
m_ttbar_325-2000,8,1500,2000,0.0018780246,0.00030465582,0.0021198025,0.00033105753,1.1287405,0.2541698
abs_y_ttbar_0-2.5,0,0,0.25,0.18098227,0.0029907275,0.18974818,0.0031321646,1.0484352,0.024488411
abs_y_ttbar_0-2.5,1,0.25,0.5,0.17183925,0.0029142045,0.18540517,0.0030961122,1.0789454,0.025679501
abs_y_ttbar_0-2.5,2,0.5,0.8,0.1842441,0.003017558,0.19657291,0.0031879948,1.0669156,0.024591417
abs_y_ttbar_0-2.5,3,0.8,1.1,0.15612315,0.0027777458,0.15640006,0.0028436375,1.0017737,0.025483956
abs_y_ttbar_0-2.5,4,1.1,1.4,0.12142912,0.0024497415,0.12258663,0.0025175455,1.0095324,0.029062672
abs_y_ttbar_0-2.5,5,1.4,1.8,0.10343962,0.002261009,0.10888547,0.0023726885,1.0526476,0.032489434
abs_y_ttbar_0-2.5,6,1.8,2.5,0.065335487,0.0017969393,0.068143895,0.0018770215,1.0429844,0.04059816
abs_y_boost_0-2.5,0,0,0.25,0.18078458,0.0029890937,0.19042031,0.0031377071,1.0532995,0.02458707
abs_y_boost_0-2.5,1,0.25,0.5,0.17164156,0.0029125277,0.18509495,0.0030935209,1.0783807,0.025684147
abs_y_boost_0-2.5,2,0.5,0.8,0.18468889,0.0030211983,0.1965212,0.0031875755,1.0640662,0.024512422
abs_y_boost_0-2.5,3,0.8,1.05,0.13245016,0.002558498,0.1323067,0.0026154516,0.99891689,0.027609021
abs_y_boost_0-2.5,4,1.05,1.3,0.10917254,0.0023228199,0.11260805,0.0024129064,1.0314686,0.031146772
abs_y_boost_0-2.5,5,1.3,1.6,0.095087351,0.002167805,0.094150253,0.0022063099,0.99014487,0.032371822
abs_y_boost_0-2.5,6,1.6,1.85,0.05406734,0.0016346559,0.058061908,0.0017326124,1.0738813,0.045618458
abs_y_boost_0-2.5,7,1.85,2.15,0.038351239,0.0013767293,0.037536015,0.0013930922,0.97874321,0.05053643
abs_y_boost_0-2.5,8,2.15,2.5,0.017050486,0.00091796734,0.020991215,0.0010417765,1.2311212,0.090146362
HT_ttbar_0-2000,0,0,90,0.12221986,0.0024577049,0.16281117,0.002901335,1.3321171,0.035792286
HT_ttbar_0-2000,1,90,170,0.23628515,0.0034172524,0.24693114,0.0035730879,1.0450557,0.021380049
HT_ttbar_0-2000,2,170,260,0.26470263,0.0036169122,0.26507872,0.0037020579,1.0014208,0.019566244
HT_ttbar_0-2000,3,260,360,0.18854379,0.0030525652,0.18514665,0.0030939529,0.98198226,0.022848235
HT_ttbar_0-2000,4,360,470,0.098052653,0.002201347,0.10014774,0.0022754975,1.021367,0.032624555
HT_ttbar_0-2000,5,470,580,0.041118854,0.0014255398,0.04094838,0.0014550373,0.99585411,0.049438408
HT_ttbar_0-2000,6,580,710,0.022536295,0.0010553587,0.01964695,0.0010078673,0.87179147,0.060553819
HT_ttbar_0-2000,7,710,830,0.0082040022,0.00063675406,0.0071866475,0.00060956349,0.87599288,0.10071382
HT_ttbar_0-2000,8,830,2000,0.0067213512,0.00057635111,0.006100895,0.00056163291,0.90768877,0.11419402
