# Colour-octet threshold effect: T_singlet = run 1 (gg singlet x |G1/G0|^2); T_singlet_octet = run 3 (and gg octet, qqbar x |G8/G0|^2, repulsive Coulomb, alpha_s = CT25(25 GeV)); same WITHOUT sample.
# dT = T_singlet_octet - T_singlet; dT_pct_of_effect = dT/(T_singlet - 1) in % (nan where T_singlet - 1 < 3 sigma); dT_est_a0.12/0.18: alpha_s band, ESTIMATE from rescaling (see summary).
distribution,bin,x1_lo,x1_hi,x2_lo,x2_hi,T_singlet,T_singlet_err,T_singlet_octet,T_singlet_octet_err,dT,dT_err,dT_pct_of_effect,dT_est_a0.12,dT_est_a0.18
m_ttbar_345-1600,0,345,400,,,1.0247371,0.0010295677,1.0191019,0.0010249692,-0.0056351773,0.0010238832,-22.780251,-0.0047019193,-0.0066659574
m_ttbar_345-1600,1,400,470,,,1.0005904,0.00084664926,1.0011813,0.00084674005,0.00059088218,0.00084830869,nan,0,0
m_ttbar_345-1600,2,470,550,,,1.000975,0.00097798893,0.99995476,0.00097691479,-0.0010202429,0.00097941809,nan,0,0
m_ttbar_345-1600,3,550,650,,,0.99933676,0.001182022,0.99986476,0.0011820933,0.00052800026,0.0011846901,nan,0,0
m_ttbar_345-1600,4,650,800,,,1.0000795,0.0014480404,1.0002261,0.001447714,0.00014657447,0.001450902,nan,0,0
m_ttbar_345-1600,5,800,1100,,,0.9982491,0.0019159877,0.99661397,0.0019129954,-0.0016351253,0.0019197931,nan,0,0
m_ttbar_345-1600,6,1100,1600,,,0.99551231,0.0037934666,1.0010861,0.0038080783,0.0055738325,0.00381047,nan,0,0
pT_top_0-500,0,0,60,,,1.0425696,0.0010066249,1.0362622,0.0010017018,-0.0063073289,0.00099656989,-14.816522,-0.0053454268,-0.0075768581
pT_top_0-500,1,60,100,,,1.0016647,0.00088694859,1.0011816,0.00088633114,-0.00048312683,0.00088821145,nan,0,0
pT_top_0-500,2,100,150,,,0.99953102,0.00088421936,1.0001276,0.00088431811,0.00059661594,0.00088618747,nan,0,0
pT_top_0-500,3,150,200,,,1.0016308,0.0011849775,1.0002264,0.0011833363,-0.0014043852,0.0011864021,nan,0,0
pT_top_0-500,4,200,260,,,0.99682825,0.0016041824,0.99833608,0.0016054596,0.001507825,0.0016092038,nan,0,0
pT_top_0-500,5,260,320,,,0.99964533,0.0025428225,1.0000253,0.0025426941,0.00037999905,0.0025482721,nan,0,0
pT_top_0-500,6,320,400,,,0.99574167,0.0036217991,0.99799486,0.0036267135,0.0022531921,0.0036348007,nan,0,0
pT_top_0-500,7,400,500,,,0.99875265,0.0058510025,0.99946707,0.0058521728,0.00071441578,0.0058653336,nan,0,0
abs_y_top_0-2.5,0,0,0.35,,,1.0086859,0.00098414654,1.0085542,0.00098372172,-0.00013169917,0.00098391823,-1.5162407,-0.0011060179,-0.0015675525
abs_y_top_0-2.5,1,0.35,0.85,,,1.0103011,0.0008592298,1.0081624,0.00085757897,-0.0021386181,0.00085826078,-20.761149,-0.0010981707,-0.0015567152
abs_y_top_0-2.5,2,0.85,1.45,,,1.0095899,0.00088556299,1.0070227,0.00088357871,-0.0025671823,0.00088462573,-26.769659,-0.0011322116,-0.0016046252
abs_y_top_0-2.5,3,1.45,2.5,,,1.0084309,0.00095757196,1.0081467,0.00095705004,-0.00028424166,0.00095737412,-3.3714298,-0.0011845594,-0.0016793585
pT_top_0-600,0,0,80,,,1.0269595,0.00078556388,1.0231177,0.00078309351,-0.0038418671,0.00078114395,-14.250499,-0.0033302629,-0.0047204705
pT_top_0-600,1,80,150,,,1.0004085,0.00072253186,1.000408,0.00072228949,-5.0689263e-07,0.00072387392,nan,0,0
pT_top_0-600,2,150,250,,,1.0002674,0.00097231513,0.99952119,0.00097144613,-0.00074623724,0.00097397397,nan,0,0
pT_top_0-600,3,250,600,,,0.99813449,0.0017916993,0.99984323,0.0017933939,0.0017087472,0.0017968121,nan,0,0
abs_y_top_x_pT_top,0,0,0.35,0,80,1.0293811,0.0017655278,1.0261249,0.0017607424,-0.0032561638,0.0017548048,-11.082528,-0.0034525528,-0.004893282
abs_y_top_x_pT_top,1,0,0.35,80,150,1.0007442,0.001584635,1.0011738,0.0015846134,0.00042963587,0.0015876162,nan,0,0
abs_y_top_x_pT_top,2,0,0.35,150,250,0.99747621,0.0020591849,0.99835287,0.0020598483,0.00087665663,0.0020649701,nan,0,0
abs_y_top_x_pT_top,3,0,0.35,250,600,0.99476898,0.0036206153,1.0011931,0.0036368831,0.0064240742,0.0036382958,nan,0,0
abs_y_top_x_pT_top,4,0.35,0.85,0,80,1.0297282,0.0015321024,1.0257473,0.0015271388,-0.0039808952,0.0015223998,-13.390983,-0.0033931037,-0.0048099046
abs_y_top_x_pT_top,5,0.35,0.85,80,150,1.0010456,0.0013795497,0.99911645,0.0013770966,-0.0019291438,0.001381228,nan,0,0
abs_y_top_x_pT_top,6,0.35,0.85,150,250,1.0012214,0.0018111033,1.000638,0.0018097065,-0.00058340069,0.001813837,nan,0,0
abs_y_top_x_pT_top,7,0.35,0.85,250,600,0.99941648,0.0032127121,1.0000943,0.0032132667,0.00067778675,0.0032200212,nan,0,0
abs_y_top_x_pT_top,8,0.85,1.45,0,80,1.0284863,0.0015548819,1.0236717,0.0015488914,-0.0048146229,0.0015451902,-16.90151,-0.0033945626,-0.0048109391
abs_y_top_x_pT_top,9,0.85,1.45,80,150,1.0004516,0.0014177492,0.99924056,0.001415989,-0.0012110234,0.001419938,nan,0,0
abs_y_top_x_pT_top,10,0.85,1.45,150,250,0.99993234,0.0018909705,0.99777542,0.0018872826,-0.0021569136,0.0018936866,nan,0,0
abs_y_top_x_pT_top,11,0.85,1.45,250,600,0.99881959,0.0034608501,0.99861317,0.0034591547,-0.00020641471,0.0034684719,nan,0,0
abs_y_top_x_pT_top,12,1.45,2.5,0,80,1.0227342,0.0016033011,1.0198351,0.0015993536,-0.0028990844,0.001596299,-12.752083,-0.0032513188,-0.0046094187
abs_y_top_x_pT_top,13,1.45,2.5,80,150,0.99894608,0.0015198483,1.0022886,0.0015231456,0.0033425697,0.0015244986,nan,0,0
abs_y_top_x_pT_top,14,1.45,2.5,150,250,1.0029341,0.0021514584,1.0003768,0.0021466279,-0.0025572797,0.0021527287,nan,0,0
abs_y_top_x_pT_top,15,1.45,2.5,250,600,1.0002633,0.0043695788,0.99937011,0.0043651938,-0.00089321152,0.0043768767,nan,0,0
abs_y_ttbar_0-2.4,0,0,0.12,,,1.0119303,0.0015586473,1.0103078,0.0015562531,-0.0016224953,0.0015564618,-13.599801,-0.00095282467,-0.001350417
abs_y_ttbar_0-2.4,1,0.12,0.24,,,1.0061533,0.0015556794,1.0049273,0.0015537387,-0.0012259288,0.0015558724,-19.923244,-0.00096214941,-0.0013634243
abs_y_ttbar_0-2.4,2,0.24,0.36,,,1.0086571,0.0015755134,1.0067179,0.0015727163,-0.001939209,0.001574454,-22.400233,-0.00093569148,-0.0013262355
abs_y_ttbar_0-2.4,3,0.36,0.49,,,1.0074207,0.0015353855,1.0058068,0.0015330284,-0.0016139135,0.0015349462,-21.748758,-0.00096158094,-0.00136357
abs_y_ttbar_0-2.4,4,0.49,0.62,,,1.0112958,0.0015743445,1.0071848,0.001569018,-0.0041110335,0.0015714155,-36.394218,-0.00098231864,-0.0013922769
abs_y_ttbar_0-2.4,5,0.62,0.76,,,1.0090391,0.0015583467,1.0083047,0.0015569764,-0.0007343525,0.0015576165,-8.124211,-0.0010005144,-0.0014182105
abs_y_ttbar_0-2.4,6,0.76,0.91,,,1.007037,0.0015605791,1.0075382,0.0015606397,0.00050122953,0.0015611,7.1227625,-0.0010226245,-0.001449254
abs_y_ttbar_0-2.4,7,0.91,1.06,,,1.0095114,0.0016429052,1.006929,0.0016392047,-0.0025824054,0.0016411917,-27.150713,-0.0010506365,-0.0014892317
abs_y_ttbar_0-2.4,8,1.06,1.21,,,1.0091449,0.0017410189,1.0116888,0.0017437292,0.0025438278,0.0017415698,27.816817,-0.0011303453,-0.0016020193
abs_y_ttbar_0-2.4,9,1.21,1.39,,,1.0088574,0.0017097357,1.0063287,0.0017059519,-0.0025286651,0.0017082516,-28.548672,-0.0011686687,-0.001656406
abs_y_ttbar_0-2.4,10,1.39,1.59,,,1.0083909,0.0017973443,1.0087998,0.0017972911,0.0004089155,0.0017972993,4.8733116,-0.0012362859,-0.0017525842
abs_y_ttbar_0-2.4,11,1.59,2.4,,,1.0117853,0.0012825208,1.0092064,0.0012796408,-0.0025788865,0.0012804654,-21.882189,-0.0015824794,-0.0022434318
y_ttbar_-2.6-2.6,0,-2.6,-1.6,,,1.0138927,0.0017778565,1.0116089,0.0017742587,-0.0022837896,0.0017742141,-16.438753,-0.0016487994,-0.0023377743
y_ttbar_-2.6-2.6,1,-1.6,-1.2,,,1.0080011,0.0017067689,1.0073412,0.0017053616,-0.00065991671,0.001706439,-8.2478483,-0.001216053,-0.0017239296
y_ttbar_-2.6-2.6,2,-1.2,-0.8,,,1.0078669,0.0014294882,1.0076885,0.001428821,-0.000178416,0.0014294299,-2.267923,-0.0010855108,-0.0015385591
y_ttbar_-2.6-2.6,3,-0.8,-0.4,,,1.0084095,0.0012790989,1.0069612,0.0012772944,-0.001448309,0.0012784726,-17.222259,-0.00096355036,-0.0013661881
y_ttbar_-2.6-2.6,4,-0.4,0,,,1.007589,0.0012110355,1.0055018,0.0012087503,-0.0020871374,0.0012104965,-27.502211,-0.00095781505,-0.0013573926
y_ttbar_-2.6-2.6,5,0,0.4,,,1.0099977,0.0012145777,1.0088236,0.0012131136,-0.001174129,0.0012135885,-11.74399,-0.00094910602,-0.0013453636
y_ttbar_-2.6-2.6,6,0.4,0.8,,,1.0101387,0.0012813365,1.0075182,0.001278416,-0.0026204304,0.00127979,-25.845899,-0.001002421,-0.0014206983
y_ttbar_-2.6-2.6,7,0.8,1.2,,,1.0089604,0.0014312374,1.0097728,0.001431624,0.00081236121,0.0014311427,9.0661176,-0.0010524932,-0.0014915983
y_ttbar_-2.6-2.6,8,1.2,1.6,,,1.0096272,0.0017085689,1.0074152,0.001705192,-0.002211941,0.001706895,-22.976035,-0.0011899286,-0.0016864144
y_ttbar_-2.6-2.6,9,1.6,2.6,,,1.0090928,0.0017681295,1.0075013,0.0017654486,-0.0015915234,0.0017669024,-17.503142,-0.0016633669,-0.0023577088
m_ttbar_250-3500,0,250,400,,,1.0456671,0.0010391067,1.0387058,0.0010335464,-0.0069613234,0.001027795,-15.243634,-0.0056705312,-0.0080376763
m_ttbar_250-3500,1,400,480,,,1.0004822,0.00080120516,1.0007914,0.00080112219,0.00030925787,0.00080274071,nan,0,0
m_ttbar_250-3500,2,480,560,,,1.0006929,0.0010106325,1.0004461,0.0010101073,-0.00024682971,0.0010123758,nan,0,0
m_ttbar_250-3500,3,560,640,,,1.0003974,0.0013277504,1.000011,0.0013269215,-0.00038640088,0.0013300923,nan,0,0
m_ttbar_250-3500,4,640,720,,,1.0001128,0.0017372481,1.0005346,0.0017372145,0.00042173657,0.0017407867,nan,0,0
m_ttbar_250-3500,5,720,800,,,0.99855733,0.0022486613,0.99877826,0.0022482796,0.00022093103,0.002254001,nan,0,0
m_ttbar_250-3500,6,800,900,,,0.99620843,0.0026325883,0.9950676,0.002629448,-0.0011408325,0.0026394837,nan,0,0
m_ttbar_250-3500,7,900,1000,,,1.0019896,0.0035243016,1.0025404,0.0035245717,0.0005507461,0.0035299457,nan,0,0
m_ttbar_250-3500,8,1000,1150,,,1.0009675,0.0039797013,0.99522863,0.0039612765,-0.0057388381,0.0039808259,nan,0,0
m_ttbar_250-3500,9,1150,1300,,,0.99481114,0.0057350976,0.99948429,0.005753318,0.0046731473,0.005760518,nan,0,0
m_ttbar_250-3500,10,1300,1500,,,0.98258753,0.0072715506,0.99600695,0.007343189,0.013419418,0.0073424964,nan,0,0
m_ttbar_250-3500,11,1500,1700,,,1.0024737,0.011337226,1.0159096,0.011447186,0.013435878,0.011390399,nan,0,0
m_ttbar_250-3500,12,1700,2000,,,1.0076065,0.014747352,1.0117677,0.014788099,0.0041612787,0.014763578,nan,0,0
m_ttbar_250-3500,13,2000,2300,,,0.99401376,0.02449763,0.99086159,0.024431256,-0.0031521644,0.024562737,nan,0,0
m_ttbar_250-3500,14,2300,3500,,,1.0411633,0.031755347,1.0031183,0.030868919,-0.038045063,0.031207687,nan,0,0
m_ttbar_325-2000,0,325,400,,,1.0457224,0.0010399875,1.0387652,0.0010344259,-0.0069572018,0.0010286536,-15.216174,-0.0056796956,-0.0080506663
m_ttbar_325-2000,1,400,480,,,1.0004822,0.00080120516,1.0007914,0.00080112219,0.00030925787,0.00080274071,nan,0,0
m_ttbar_325-2000,2,480,580,,,1.000882,0.00093206642,1.0004049,0.00093142142,-0.00047714512,0.00093357666,nan,0,0
m_ttbar_325-2000,3,580,700,,,0.99956333,0.0012312656,0.99980145,0.0012310725,0.00023812104,0.0012338858,nan,0,0
m_ttbar_325-2000,4,700,860,,,0.998405,0.0016632543,0.99853186,0.0016628545,0.00012686198,0.0016672278,nan,0,0
m_ttbar_325-2000,5,860,1020,,,1.0011602,0.0026773202,0.99957313,0.0026732447,-0.0015870544,0.0026807305,nan,0,0
m_ttbar_325-2000,6,1020,1250,,,0.99777844,0.0036678487,0.996947,0.0036643292,-0.00083144008,0.0036763038,nan,0,0
m_ttbar_325-2000,7,1250,1500,,,0.98880558,0.0061267737,0.99868837,0.0061704534,0.0098827872,0.0061713016,nan,0,0
m_ttbar_325-2000,8,1500,2000,,,1.0043895,0.0089882344,1.0143636,0.0090520855,0.0099741128,0.0090183163,nan,0,0
abs_y_ttbar_0-2.5,0,0,0.25,,,1.0091055,0.0010791731,1.0074429,0.0010774797,-0.001662567,0.0010784019,-18.25902,-0.00095509347,-0.0013535533
abs_y_ttbar_0-2.5,1,0.25,0.5,,,1.0081014,0.001101108,1.0063711,0.0010993232,-0.0017303432,0.0011005757,-21.358501,-0.00094840811,-0.0013446071
abs_y_ttbar_0-2.5,2,0.5,0.8,,,1.0097809,0.0010561062,1.0077228,0.0010541394,-0.0020580918,0.0010550717,-21.041969,-0.00099668505,-0.0014127135
abs_y_ttbar_0-2.5,3,0.8,1.1,,,1.0083628,0.0011468498,1.007975,0.001146136,-0.00038780268,0.0011466027,-4.6372604,-0.0010532618,-0.0014927569
abs_y_ttbar_0-2.5,4,1.1,1.4,,,1.0089798,0.0012941617,1.0082399,0.0012930187,-0.00073980849,0.0012935726,-8.2386303,-0.0011530639,-0.0016342665
abs_y_ttbar_0-2.5,5,1.4,1.8,,,1.0097621,0.0013610302,1.0085045,0.0013593052,-0.0012576012,0.0013599729,-12.882497,-0.0012865288,-0.0018239321
abs_y_ttbar_0-2.5,6,1.8,2.5,,,1.0112434,0.0016113385,1.0096642,0.0016089134,-0.0015791903,0.0016093691,-14.045511,-0.0017956981,-0.0025454753
abs_y_boost_0-2.5,0,0,0.25,,,1.0090102,0.001079164,1.0075956,0.0010776693,-0.0014146662,0.0010784844,-15.700681,-0.00095518314,-0.0013536752
abs_y_boost_0-2.5,1,0.25,0.5,,,1.0083804,0.0011014544,1.0060858,0.0010992072,-0.0022945923,0.0011006919,-27.380369,-0.00094911276,-0.0013456244
abs_y_boost_0-2.5,2,0.5,0.8,,,1.0097135,0.0010561435,1.0081022,0.0010545271,-0.0016113506,0.0010552432,-16.588692,-0.00099668862,-0.0014127196
abs_y_boost_0-2.5,3,0.8,1.05,,,1.0081393,0.0012451748,1.0067863,0.0012435057,-0.0013530267,0.0012446775,-16.623392,-0.0010364078,-0.0014687847
abs_y_boost_0-2.5,4,1.05,1.3,,,1.0088913,0.0013710463,1.0102044,0.0013719271,0.0013131081,0.001371149,14.768402,-0.0011379705,-0.0016128627
abs_y_boost_0-2.5,5,1.3,1.6,,,1.008808,0.0014335775,1.0074488,0.0014316511,-0.0013591607,0.0014327658,-15.430998,-0.0012262047,-0.0017382269
abs_y_boost_0-2.5,6,1.6,1.85,,,1.0112504,0.0018819925,1.0085202,0.0018775537,-0.0027301996,0.0018791545,-24.267505,-0.0013570165,-0.0019240424
abs_y_boost_0-2.5,7,1.85,2.15,,,1.0120313,0.0021588246,1.0089721,0.0021532083,-0.0030592421,0.0021549779,-25.427331,-0.0016649149,-0.0023602024
abs_y_boost_0-2.5,8,2.15,2.5,,,1.0094793,0.0028565532,1.0106534,0.0028580908,0.0011740808,0.0028562515,12.385724,-0.002159712,-0.0030610846
HT_ttbar_0-2000,0,0,90,,,1.0702037,0.0013294728,1.0601292,0.0013195616,-0.010074559,0.0013063155,-14.350465,-0.0088814993,-0.012588195
HT_ttbar_0-2000,1,90,170,,,1.0017384,0.00090581426,1.0014532,0.00090531783,-0.00028514784,0.00090713222,nan,-4.1594899e-05,-5.9398321e-05
HT_ttbar_0-2000,2,170,260,,,0.99980255,0.00087197705,0.99995084,0.00087178154,0.00014828965,0.00087376083,nan,0,0
HT_ttbar_0-2000,3,260,360,,,1.0016786,0.0010408581,1.0008696,0.0010398801,-0.00080896679,0.001042252,nan,0,0
HT_ttbar_0-2000,4,360,470,,,0.99847961,0.0014191807,0.99802017,0.0014182158,-0.00045943497,0.0014223364,nan,0,0
HT_ttbar_0-2000,5,470,580,,,0.9977976,0.0021570169,0.9996232,0.0021592471,0.0018255959,0.0021634174,nan,0,0
HT_ttbar_0-2000,6,580,710,,,0.9970814,0.0030991135,1.0009811,0.0031071425,0.0038996981,0.0031104785,nan,0,0
HT_ttbar_0-2000,7,710,830,,,0.99996306,0.0050580711,1.0005152,0.0050584666,0.00055213981,0.0050687283,nan,0,0
HT_ttbar_0-2000,8,830,2000,,,1.00102,0.0052938169,0.99921984,0.0052849115,-0.0018002065,0.0053004591,nan,0,0
