# run3_pp_singlet_octet_13TeV: pp -> tt, gg singlet x |G1/G0|^2, octet (gg octet, qqbar) x |G8/G0|^2 (p p > t t~ > b e+ ve b~ mu- vm~).
# T = sigma_with / sigma_without per bin (13 TeV, LO MadGraph, CT25NNLO with its alpha_s(Q)).
# WITH: gg |M|^2 -> |M|^2 + (|G/G0|^2 - 1)|M_singlet|^2 for W <= 350 GeV, p* <= 50 GeV (Fuks (16), (19)-(20)); G from our JKT solver with CT25NNLO alpha_s(Q). Parton-level tops (t = b e+ ve, tbar = b~ mu- vm~). Errors: MC statistics of the two independent samples.
# HT_ttbar = pT(t) + pT(tbar); abs_y_boost = |y_t + y_tbar|/2; abs_y_top_x_pT_top: x1 = |y_t|, x2 = pT_t.
distribution,bin,x1_lo,x1_hi,x2_lo,x2_hi,sigma_without_pb,sigma_without_err,sigma_with_pb,sigma_with_err,T,T_err
m_ttbar_345-1600,0,345,400,,,1.0073114,0.00071835755,1.026553,0.00072803827,1.0191019,0.0010249692
m_ttbar_345-1600,1,400,470,,,1.4372214,0.00085806591,1.4389192,0.00086194934,1.0011813,0.00084674005
m_ttbar_345-1600,2,470,550,,,1.0777371,0.00074304511,1.0776884,0.00074595072,0.99995476,0.00097691479
m_ttbar_345-1600,3,550,650,,,0.73597682,0.0006140317,0.73587729,0.0006164052,0.99986476,0.0011820933
m_ttbar_345-1600,4,650,800,,,0.49094994,0.00050150749,0.49106095,0.00050353682,1.0002261,0.001447714
m_ttbar_345-1600,5,800,1100,,,0.27965426,0.00037850298,0.27870735,0.00037934785,0.99661397,0.0019129954
m_ttbar_345-1600,6,1100,1600,,,0.071047647,0.00019078025,0.071124815,0.00019163454,1.0010861,0.0038080783
pT_top_0-500,0,0,60,,,1.0814882,0.00074433712,1.1207054,0.00076069277,1.0362622,0.0010017018
pT_top_0-500,1,60,100,,,1.3116925,0.00081973756,1.3132424,0.00082344758,1.0011816,0.00088633114
pT_top_0-500,2,100,150,,,1.3155931,0.00082095538,1.3157611,0.00082423685,1.0001276,0.00088431811
pT_top_0-500,3,150,200,,,0.73482942,0.00061355292,0.73499577,0.00061603583,1.0002264,0.0011833363
pT_top_0-500,4,200,260,,,0.39808295,0.00045159122,0.39742057,0.00045299017,0.99833608,0.0016054596
pT_top_0-500,5,260,320,,,0.15910504,0.00028549645,0.15910907,0.00028662301,1.0000253,0.0025426941
pT_top_0-500,6,320,400,,,0.077969205,0.00019985733,0.077812865,0.00020044214,0.99799486,0.0036267135
pT_top_0-500,7,400,500,,,0.030010559,0.00012399259,0.029994566,0.000124447,0.99946707,0.0058521728
abs_y_top_0-2.5,0,0,0.35,,,1.0766058,0.00074265514,1.0858153,0.00074875806,1.0085542,0.00098372172
abs_y_top_0-2.5,1,0.35,0.85,,,1.415793,0.00085164494,1.4273493,0.000858477,1.0081624,0.00085757897
abs_y_top_0-2.5,2,0.85,1.45,,,1.3314376,0.00082588431,1.3407879,0.00083203888,1.0070227,0.00088357871
abs_y_top_0-2.5,3,1.45,2.5,,,1.1367594,0.00076312037,1.1460201,0.00076923602,1.0081467,0.00095705004
pT_top_0-600,0,0,80,,,1.7359038,0.00094302154,1.7760338,0.00095761103,1.0231177,0.00078309351
pT_top_0-600,1,80,150,,,1.97287,0.0010053286,1.973675,0.0010094884,1.000408,0.00072228949
pT_top_0-600,2,150,250,,,1.0891975,0.00074698531,1.088676,0.00074974381,0.99952119,0.00097144613
pT_top_0-600,3,250,600,,,0.31974378,0.00040472472,0.31969366,0.00040628472,0.99984323,0.0017933939
abs_y_top_x_pT_top,0,0,0.35,0,80,0.34488838,0.00042033751,0.35389855,0.00042746736,1.0261249,0.0017607424
abs_y_top_x_pT_top,1,0,0.35,80,150,0.41036697,0.00045850603,0.41084866,0.00046057937,1.0011738,0.0015846134
abs_y_top_x_pT_top,2,0,0.35,150,250,0.24183148,0.00035197773,0.24143315,0.00035307096,0.99835287,0.0020598483
abs_y_top_x_pT_top,3,0,0.35,250,600,0.077906271,0.00019977676,0.077999218,0.00020068196,1.0011931,0.0036368831
abs_y_top_x_pT_top,4,0.35,0.85,0,80,0.45821834,0.00048450129,0.47001621,0.00049262888,1.0257473,0.0015271388
abs_y_top_x_pT_top,5,0.35,0.85,80,150,0.54169123,0.0005267865,0.54121262,0.00052862477,0.99911645,0.0013770966
abs_y_top_x_pT_top,6,0.35,0.85,150,250,0.31437953,0.00040131536,0.3145801,0.00040302243,1.000638,0.0018097065
abs_y_top_x_pT_top,7,0.35,0.85,250,600,0.099637598,0.00022592806,0.09964699,0.00022682749,1.0000943,0.0032132667
abs_y_top_x_pT_top,8,0.85,1.45,0,80,0.44408345,0.00047697008,0.45459567,0.00048448036,1.0236717,0.0015488914
abs_y_top_x_pT_top,9,0.85,1.45,80,150,0.5124384,0.00051236517,0.51204924,0.00051418499,0.99924056,0.001415989
abs_y_top_x_pT_top,10,0.85,1.45,150,250,0.28782818,0.0003839949,0.28718788,0.00038507625,0.99777542,0.0018872826
abs_y_top_x_pT_top,11,0.85,1.45,250,600,0.085785353,0.00020963578,0.085666384,0.00021031436,0.99861317,0.0034591547
abs_y_top_x_pT_top,12,1.45,2.5,0,80,0.41415777,0.00046061881,0.42237263,0.00046699415,1.0198351,0.0015993536
abs_y_top_x_pT_top,13,1.45,2.5,80,150,0.44489788,0.00047740719,0.4459161,0.00047983295,1.0022886,0.0015231456
abs_y_top_x_pT_top,14,1.45,2.5,150,250,0.22335062,0.00033826137,0.22343478,0.00033965561,1.0003768,0.0021466279
abs_y_top_x_pT_top,15,1.45,2.5,250,600,0.053930972,0.00016621787,0.053897001,0.00016681902,0.99937011,0.0043651938
abs_y_ttbar_0-2.4,0,0,0.12,,,0.43129324,0.00047005102,0.43573892,0.00047432582,1.0103078,0.0015562531
abs_y_ttbar_0-2.4,1,0.12,0.24,,,0.42923881,0.00046893036,0.43135381,0.00047193311,1.0049273,0.0015537387
abs_y_ttbar_0-2.4,2,0.24,0.36,,,0.42006195,0.00046389047,0.42288388,0.00046727674,1.0067179,0.0015727163
abs_y_ttbar_0-2.4,3,0.36,0.49,,,0.44149317,0.00047557692,0.44405684,0.00047883158,1.0058068,0.0015330284
abs_y_ttbar_0-2.4,4,0.49,0.62,,,0.42233794,0.00046514543,0.42537235,0.00046864944,1.0071848,0.001569018
abs_y_ttbar_0-2.4,5,0.62,0.76,,,0.4296114,0.00046913364,0.4331792,0.00047293041,1.0083047,0.0015569764
abs_y_ttbar_0-2.4,6,0.76,0.91,,,0.42710938,0.00046776556,0.43032903,0.00047137197,1.0075382,0.0015606397
abs_y_ttbar_0-2.4,7,0.91,1.06,,,0.38679796,0.00044514443,0.38947807,0.0004484406,1.006929,0.0016392047
abs_y_ttbar_0-2.4,8,1.06,1.21,,,0.34424336,0.00041994423,0.34826713,0.00042405279,1.0116888,0.0017437292
abs_y_ttbar_0-2.4,9,1.21,1.39,,,0.35680313,0.00042753641,0.35906124,0.00043057396,1.0063287,0.0017059519
abs_y_ttbar_0-2.4,10,1.39,1.59,,,0.32264354,0.00040655593,0.32548275,0.00040994678,1.0087998,0.0017972911
abs_y_ttbar_0-2.4,11,1.59,2.4,,,0.63686345,0.0005711918,0.64272669,0.00057607197,1.0092064,0.0012796408
y_ttbar_-2.6-2.6,0,-2.6,-1.6,,,0.3324589,0.00041269356,0.33631839,0.00041671465,1.0116089,0.0017742587
y_ttbar_-2.6-2.6,1,-1.6,-1.2,,,0.35758889,0.00042800686,0.36021401,0.00043126447,1.0073412,0.0017053616
y_ttbar_-2.6-2.6,2,-1.2,-0.8,,,0.50966655,0.00051097764,0.51358513,0.00051495547,1.0076885,0.001428821
y_ttbar_-2.6-2.6,3,-0.8,-0.4,,,0.63707314,0.00057128567,0.64150794,0.00057552543,1.0069612,0.0012772944
y_ttbar_-2.6-2.6,4,-0.4,0,,,0.70982904,0.00060302544,0.7137344,0.00060706037,1.0055018,0.0012087503
y_ttbar_-2.6-2.6,5,0,0.4,,,0.70822675,0.00060234452,0.71447584,0.00060737559,1.0088236,0.0012131136
y_ttbar_-2.6-2.6,6,0.4,0.8,,,0.63648367,0.00057102139,0.6412689,0.00057541821,1.0075182,0.001278416
y_ttbar_-2.6-2.6,7,0.8,1.2,,,0.50924881,0.00051076808,0.51422558,0.00051527656,1.0097728,0.001431624
y_ttbar_-2.6-2.6,8,1.2,1.6,,,0.35769987,0.00042807346,0.36035229,0.0004313475,1.0074152,0.001705192
y_ttbar_-2.6-2.6,9,1.6,2.6,,,0.33374195,0.0004134893,0.33624543,0.00041666967,1.0075013,0.0017654486
m_ttbar_250-3500,0,250,400,,,1.019484,0.00072268494,1.0589439,0.00073943501,1.0387058,0.0010335464
m_ttbar_250-3500,1,400,480,,,1.6046224,0.00090666162,1.6058924,0.00091058761,1.0007914,0.00080112219
m_ttbar_250-3500,2,480,560,,,1.0088135,0.00071889296,1.0092635,0.00072188143,1.0004461,0.0010101073
m_ttbar_250-3500,3,560,640,,,0.5842144,0.00054707242,0.58422081,0.00054922724,1.000011,0.0013269215
m_ttbar_250-3500,4,640,720,,,0.34111162,0.0004180296,0.34129397,0.00041978596,1.0005346,0.0017372145
m_ttbar_250-3500,5,720,800,,,0.20312331,0.00032258096,0.20287514,0.0003236517,0.99877826,0.0022482796
m_ttbar_250-3500,6,800,900,,,0.14767628,0.00027505152,0.14694788,0.00027545149,0.9950676,0.002629448
m_ttbar_250-3500,7,900,1000,,,0.083117645,0.00020635021,0.083328796,0.00020742488,1.0025404,0.0035245717
m_ttbar_250-3500,8,1000,1150,,,0.065084071,0.00018259797,0.064773531,0.00018287834,0.99522863,0.0039612765
m_ttbar_250-3500,9,1150,1300,,,0.031051529,0.00012612469,0.031035515,0.00012658809,0.99948429,0.005753318
m_ttbar_250-3500,10,1300,1500,,,0.018961962,9.8559906e-05,0.018886246,9.8749675e-05,0.99600695,0.007343189
m_ttbar_250-3500,11,1500,1700,,,0.0080378602,6.4169551e-05,0.008165739,6.4932319e-05,1.0159096,0.011447186
m_ttbar_250-3500,12,1700,2000,,,0.0047868536,4.9520356e-05,0.0048431841,5.0006859e-05,1.0117677,0.014788099
m_ttbar_250-3500,13,2000,2300,,,0.0016997962,2.9509284e-05,0.0016842627,2.9489532e-05,0.99086159,0.024431256
m_ttbar_250-3500,14,2300,3500,,,0.0010845253,2.3571069e-05,0.0010879072,2.3700613e-05,1.0031183,0.030868919
m_ttbar_325-2000,0,325,400,,,1.0178391,0.00072210168,1.0572958,0.00073885936,1.0387652,0.0010344259
m_ttbar_325-2000,1,400,480,,,1.6046224,0.00090666162,1.6058924,0.00091058761,1.0007914,0.00080112219
m_ttbar_325-2000,2,480,580,,,1.1863876,0.00077960042,1.1868679,0.00078282514,1.0004049,0.00093142142
m_ttbar_325-2000,3,580,700,,,0.67851457,0.00058957397,0.67837985,0.00059183421,0.99980145,0.0012310725
m_ttbar_325-2000,4,700,860,,,0.37118578,0.00043606827,0.37064083,0.00043746172,0.99853186,0.0016628545
m_ttbar_325-2000,5,860,1020,,,0.14384682,0.00027146178,0.14378541,0.00027247143,0.99957313,0.0026732447
m_ttbar_325-2000,6,1020,1250,,,0.076256623,0.00019765024,0.076023812,0.00019812452,0.996947,0.0036643292
m_ttbar_325-2000,7,1250,1500,,,0.026962919,0.00011752817,0.026927553,0.00011791293,0.99868837,0.0061704534
m_ttbar_325-2000,8,1500,2000,,,0.012824714,8.1055518e-05,0.013008923,8.1956648e-05,1.0143636,0.0090520855
abs_y_ttbar_0-2.5,0,0,0.25,,,0.89591088,0.00067747171,0.90257905,0.00068266279,1.0074429,0.0010774797
abs_y_ttbar_0-2.5,1,0.25,0.5,,,0.85928824,0.00066348057,0.86476283,0.0006682086,1.0063711,0.0010993232
abs_y_ttbar_0-2.5,2,0.5,0.8,,,0.93641348,0.00069261602,0.94364521,0.00069801994,1.0077228,0.0010541394
abs_y_ttbar_0-2.5,3,0.8,1.1,,,0.79241836,0.00063714176,0.79873786,0.00064219303,1.007975,0.001146136
abs_y_ttbar_0-2.5,4,1.1,1.4,,,0.62285729,0.00056487589,0.6279896,0.00056942928,1.0082399,0.0012930187
abs_y_ttbar_0-2.5,5,1.4,1.8,,,0.56381319,0.00053743559,0.56860813,0.00054183883,1.0085045,0.0013593052
abs_y_ttbar_0-2.5,6,1.8,2.5,,,0.40313688,0.0004544489,0.40703288,0.00045843549,1.0096642,0.0016089134
abs_y_boost_0-2.5,0,0,0.25,,,0.89579919,0.00067742947,0.90260328,0.00068267194,1.0075956,0.0010776693
abs_y_boost_0-2.5,1,0.25,0.5,,,0.85910438,0.00066340961,0.86433275,0.00066804242,1.0060858,0.0010992072
abs_y_boost_0-2.5,2,0.5,0.8,,,0.93625361,0.00069255688,0.94383932,0.00069809172,1.0081022,0.0010545271
abs_y_boost_0-2.5,3,0.8,1.05,,,0.67198973,0.00058673244,0.67655003,0.00059103528,1.0067863,0.0012435057
abs_y_boost_0-2.5,4,1.05,1.3,,,0.55488687,0.00053316419,0.56054918,0.00053798532,1.0102044,0.0013719271
abs_y_boost_0-2.5,5,1.3,1.6,,,0.50747247,0.00050987663,0.51125255,0.00051378484,1.0074488,0.0014316511
abs_y_boost_0-2.5,6,1.6,1.85,,,0.29552527,0.00038909536,0.29804322,0.00039228645,1.0085202,0.0018775537
abs_y_boost_0-2.5,7,1.85,2.15,,,0.22485316,0.00033939724,0.22687056,0.00034225719,1.0089721,0.0021532083
abs_y_boost_0-2.5,8,2.15,2.5,,,0.12793929,0.00025601227,0.12930228,0.00025838452,1.0106534,0.0028580908
HT_ttbar_0-2000,0,0,90,,,0.64501493,0.00057483559,0.68379913,0.00059419341,1.0601292,0.0013195616
HT_ttbar_0-2000,1,90,170,,,1.2577619,0.00080270879,1.2595897,0.00080645119,1.0014532,0.00090531783
HT_ttbar_0-2000,2,170,260,,,1.3533444,0.00083265094,1.3532778,0.00083590506,0.99995084,0.00087178154
HT_ttbar_0-2000,3,260,360,,,0.95247736,0.00069853155,0.95330568,0.00070158396,1.0008696,0.0010398801
HT_ttbar_0-2000,4,360,470,,,0.50989644,0.0005110928,0.50888693,0.00051259489,0.99802017,0.0014182158
HT_ttbar_0-2000,5,470,580,,,0.22049853,0.0003360946,0.22041545,0.000337353,0.9996232,0.0021592471
HT_ttbar_0-2000,6,580,710,,,0.10670166,0.00023379989,0.10680635,0.00023483454,1.0009811,0.0031071425
HT_ttbar_0-2000,7,710,830,,,0.040230236,0.00014356045,0.040250963,0.00014416224,1.0005152,0.0050584666
HT_ttbar_0-2000,8,830,2000,,,0.036785104,0.00013727602,0.036756406,0.00013776207,0.99921984,0.0052849115
