# run1_pp_fullcolour_13TeV: pp -> tt, gg singlet + octet and qqbar (p p > t t~ > b e+ ve b~ mu- vm~).
# T = sigma_with / sigma_without per bin (13 TeV, LO MadGraph, CT25NNLO with its alpha_s(Q)).
# WITH: gg |M|^2 -> |M|^2 + (|G/G0|^2 - 1)|M_singlet|^2 for W <= 350 GeV, p* <= 50 GeV (Fuks (16), (19)-(20)); G from our JKT solver with CT25NNLO alpha_s(Q). Parton-level tops (t = b e+ ve, tbar = b~ mu- vm~). Errors: MC statistics of the two independent samples.
# HT_ttbar = pT(t) + pT(tbar); abs_y_boost = |y_t + y_tbar|/2; abs_y_top_x_pT_top: x1 = |y_t|, x2 = pT_t.
distribution,bin,x1_lo,x1_hi,x2_lo,x2_hi,sigma_without_pb,sigma_without_err,sigma_with_pb,sigma_with_err,T,T_err
m_ttbar_345-1600,0,345,400,,,1.0073114,0.00071835755,1.0322294,0.00073053595,1.0247371,0.0010295677
m_ttbar_345-1600,1,400,470,,,1.4372214,0.00085806591,1.43807,0.00086227025,1.0005904,0.00084664926
m_ttbar_345-1600,2,470,550,,,1.0777371,0.00074304511,1.0787879,0.00074682954,1.000975,0.00097798893
m_ttbar_345-1600,3,550,650,,,0.73597682,0.0006140317,0.73548869,0.00061665391,0.99933676,0.001182022
m_ttbar_345-1600,4,650,800,,,0.49094994,0.00050150749,0.49098898,0.00050383612,1.0000795,0.0014480404
m_ttbar_345-1600,5,800,1100,,,0.27965426,0.00037850298,0.27916462,0.00037991253,0.9982491,0.0019159877
m_ttbar_345-1600,6,1100,1600,,,0.071047647,0.00019078025,0.070728807,0.0001912281,0.99551231,0.0037934666
pT_top_0-500,0,0,60,,,1.0814882,0.00074433712,1.1275267,0.00076351373,1.0425696,0.0010066249
pT_top_0-500,1,60,100,,,1.3116925,0.00081973756,1.3138761,0.0008241963,1.0016647,0.00088694859
pT_top_0-500,2,100,150,,,1.3155931,0.00082095538,1.3149762,0.0008245412,0.99953102,0.00088421936
pT_top_0-500,3,150,200,,,0.73482942,0.00061355292,0.73602775,0.00061687977,1.0016308,0.0011849775
pT_top_0-500,4,200,260,,,0.39808295,0.00045159122,0.39682033,0.00045295025,0.99682825,0.0016041824
pT_top_0-500,5,260,320,,,0.15910504,0.00028549645,0.15904861,0.00028675987,0.99964533,0.0025428225
pT_top_0-500,6,320,400,,,0.077969205,0.00019985733,0.077637186,0.00020034954,0.99574167,0.0036217991
pT_top_0-500,7,400,500,,,0.030010559,0.00012399259,0.029973126,0.00012448562,0.99875265,0.0058510025
abs_y_top_0-2.5,0,0,0.35,,,1.0766058,0.00074265514,1.0859571,0.00074930707,1.0086859,0.00098414654
abs_y_top_0-2.5,1,0.35,0.85,,,1.415793,0.00085164494,1.4303771,0.00085996095,1.0103011,0.0008592298
abs_y_top_0-2.5,2,0.85,1.45,,,1.3314376,0.00082588431,1.344206,0.00083365499,1.0095899,0.00088556299
abs_y_top_0-2.5,3,1.45,2.5,,,1.1367594,0.00076312037,1.1463433,0.00076985814,1.0084309,0.00095757196
pT_top_0-600,0,0,80,,,1.7359038,0.00094302154,1.7827029,0.00096004794,1.0269595,0.00078556388
pT_top_0-600,1,80,150,,,1.97287,0.0010053286,1.973676,0.0010101628,1.0004085,0.00072253186
pT_top_0-600,2,150,250,,,1.0891975,0.00074698531,1.0894888,0.00075052447,1.0002674,0.00097231513
pT_top_0-600,3,250,600,,,0.31974378,0.00040472472,0.31914729,0.00040620852,0.99813449,0.0017916993
abs_y_top_x_pT_top,0,0,0.35,0,80,0.34488838,0.00042033751,0.35502157,0.00042843084,1.0293811,0.0017655278
abs_y_top_x_pT_top,1,0,0.35,80,150,0.41036697,0.00045850603,0.41067235,0.00046078814,1.0007442,0.001584635
abs_y_top_x_pT_top,2,0,0.35,150,250,0.24183148,0.00035197773,0.24122115,0.00035315161,0.99747621,0.0020591849
abs_y_top_x_pT_top,3,0,0.35,250,600,0.077906271,0.00019977676,0.077498742,0.00020017097,0.99476898,0.0036206153
abs_y_top_x_pT_top,4,0.35,0.85,0,80,0.45821834,0.00048450129,0.47184033,0.00049391367,1.0297282,0.0015321024
abs_y_top_x_pT_top,5,0.35,0.85,80,150,0.54169123,0.0005267865,0.54225762,0.00052948814,1.0010456,0.0013795497
abs_y_top_x_pT_top,6,0.35,0.85,150,250,0.31437953,0.00040131536,0.3147635,0.00040340906,1.0012214,0.0018111033
abs_y_top_x_pT_top,7,0.35,0.85,250,600,0.099637598,0.00022592806,0.099579457,0.00022690196,0.99941648,0.0032127121
abs_y_top_x_pT_top,8,0.85,1.45,0,80,0.44408345,0.00047697008,0.45673377,0.00048594256,1.0284863,0.0015548819
abs_y_top_x_pT_top,9,0.85,1.45,80,150,0.5124384,0.00051236517,0.51266981,0.00051484009,1.0004516,0.0014177492
abs_y_top_x_pT_top,10,0.85,1.45,150,250,0.28782818,0.0003839949,0.2878087,0.00038574955,0.99993234,0.0018909705
abs_y_top_x_pT_top,11,0.85,1.45,250,600,0.085785353,0.00020963578,0.085684091,0.00021047649,0.99881959,0.0034608501
abs_y_top_x_pT_top,12,1.45,2.5,0,80,0.41415777,0.00046061881,0.42357331,0.0004679697,1.0227342,0.0016033011
abs_y_top_x_pT_top,13,1.45,2.5,80,150,0.44489788,0.00047740719,0.44442899,0.0004793519,0.99894608,0.0015198483
abs_y_top_x_pT_top,14,1.45,2.5,150,250,0.22335062,0.00033826137,0.22400595,0.00034031672,1.0029341,0.0021514584
abs_y_top_x_pT_top,15,1.45,2.5,250,600,0.053930972,0.00016621787,0.053945173,0.00016700492,1.0002633,0.0043695788
abs_y_ttbar_0-2.4,0,0,0.12,,,0.43129324,0.00047005102,0.43643869,0.0004750234,1.0119303,0.0015586473
abs_y_ttbar_0-2.4,1,0.12,0.24,,,0.42923881,0.00046893036,0.43188003,0.00047253626,1.0061533,0.0015556794
abs_y_ttbar_0-2.4,2,0.24,0.36,,,0.42006195,0.00046389047,0.42369847,0.00046803885,1.0086571,0.0015755134
abs_y_ttbar_0-2.4,3,0.36,0.49,,,0.44149317,0.00047557692,0.44476937,0.0004795358,1.0074207,0.0015353855
abs_y_ttbar_0-2.4,4,0.49,0.62,,,0.42233794,0.00046514543,0.4271086,0.00046991851,1.0112958,0.0015743445
abs_y_ttbar_0-2.4,5,0.62,0.76,,,0.4296114,0.00046913364,0.43349468,0.00047341849,1.0090391,0.0015583467
abs_y_ttbar_0-2.4,6,0.76,0.91,,,0.42710938,0.00046776556,0.43011495,0.00047156968,1.007037,0.0015605791
abs_y_ttbar_0-2.4,7,0.91,1.06,,,0.38679796,0.00044514443,0.39047694,0.00044931529,1.0095114,0.0016429052
abs_y_ttbar_0-2.4,8,1.06,1.21,,,0.34424336,0.00041994423,0.34739144,0.00042380194,1.0091449,0.0017410189
abs_y_ttbar_0-2.4,9,1.21,1.39,,,0.35680313,0.00042753641,0.35996347,0.00043140225,1.0088574,0.0017097357
abs_y_ttbar_0-2.4,10,1.39,1.59,,,0.32264354,0.00040655593,0.32535082,0.00041013731,1.0083909,0.0017973443
abs_y_ttbar_0-2.4,11,1.59,2.4,,,0.63686345,0.0005711918,0.64436909,0.00057719268,1.0117853,0.0012825208
y_ttbar_-2.6-2.6,0,-2.6,-1.6,,,0.3324589,0.00041269356,0.33707766,0.00041746351,1.0138927,0.0017778565
y_ttbar_-2.6-2.6,1,-1.6,-1.2,,,0.35758889,0.00042800686,0.36044999,0.00043169368,1.0080011,0.0017067689
y_ttbar_-2.6-2.6,2,-1.2,-0.8,,,0.50966655,0.00051097764,0.51367606,0.00051534516,1.0078669,0.0014294882
y_ttbar_-2.6-2.6,3,-0.8,-0.4,,,0.63707314,0.00057128567,0.64243062,0.00057632376,1.0084095,0.0012790989
y_ttbar_-2.6-2.6,4,-0.4,0,,,0.70982904,0.00060302544,0.71521592,0.00060809593,1.007589,0.0012110355
y_ttbar_-2.6-2.6,5,0,0.4,,,0.70822675,0.00060234452,0.71530739,0.0006081348,1.0099977,0.0012145777
y_ttbar_-2.6-2.6,6,0.4,0.8,,,0.63648367,0.00057102139,0.64293677,0.00057655074,1.0101387,0.0012813365
y_ttbar_-2.6-2.6,7,0.8,1.2,,,0.50924881,0.00051076808,0.51381189,0.00051541322,1.0089604,0.0014312374
y_ttbar_-2.6-2.6,8,1.2,1.6,,,0.35769987,0.00042807346,0.3611435,0.00043210889,1.0096272,0.0017085689
y_ttbar_-2.6-2.6,9,1.6,2.6,,,0.33374195,0.0004134893,0.33677659,0.00041727693,1.0090928,0.0017681295
m_ttbar_250-3500,0,250,400,,,1.019484,0.00072268494,1.0660409,0.00074240418,1.0456671,0.0010391067
m_ttbar_250-3500,1,400,480,,,1.6046224,0.00090666162,1.6053961,0.00091105482,1.0004822,0.00080120516
m_ttbar_250-3500,2,480,560,,,1.0088135,0.00071889296,1.0095125,0.00072245253,1.0006929,0.0010106325
m_ttbar_250-3500,3,560,640,,,0.5842144,0.00054707242,0.58444655,0.00054970017,1.0003974,0.0013277504
m_ttbar_250-3500,4,640,720,,,0.34111162,0.0004180296,0.34115011,0.0004199777,1.0001128,0.0017372481
m_ttbar_250-3500,5,720,800,,,0.20312331,0.00032258096,0.20283026,0.00032383199,0.99855733,0.0022486613
m_ttbar_250-3500,6,800,900,,,0.14767628,0.00027505152,0.14711635,0.00027579346,0.99620843,0.0026325883
m_ttbar_250-3500,7,900,1000,,,0.083117645,0.00020635021,0.083283019,0.00020750646,1.0019896,0.0035243016
m_ttbar_250-3500,8,1000,1150,,,0.065084071,0.00018259797,0.065147038,0.00018352736,1.0009675,0.0039797013
m_ttbar_250-3500,9,1150,1300,,,0.031051529,0.00012612469,0.030890407,0.00012637629,0.99481114,0.0057350976
m_ttbar_250-3500,10,1300,1500,,,0.018961962,9.8559906e-05,0.018631787,9.8147721e-05,0.98258753,0.0072715506
m_ttbar_250-3500,11,1500,1700,,,0.0080378602,6.4169551e-05,0.0080577433,6.454462e-05,1.0024737,0.011337226
m_ttbar_250-3500,12,1700,2000,,,0.0047868536,4.9520356e-05,0.0048232647,4.9937129e-05,1.0076065,0.014747352
m_ttbar_250-3500,13,2000,2300,,,0.0016997962,2.9509284e-05,0.0016896208,2.9556176e-05,0.99401376,0.02449763
m_ttbar_250-3500,14,2300,3500,,,0.0010845253,2.3571069e-05,0.001129168,2.4161966e-05,1.0411633,0.031755347
m_ttbar_325-2000,0,325,400,,,1.0178391,0.00072210168,1.0643771,0.00074182462,1.0457224,0.0010399875
m_ttbar_325-2000,1,400,480,,,1.6046224,0.00090666162,1.6053961,0.00091105482,1.0004822,0.00080120516
m_ttbar_325-2000,2,480,580,,,1.1863876,0.00077960042,1.187434,0.00078353469,1.000882,0.00093206642
m_ttbar_325-2000,3,580,700,,,0.67851457,0.00058957397,0.67821828,0.0005921588,0.99956333,0.0012312656
m_ttbar_325-2000,4,700,860,,,0.37118578,0.00043606827,0.37059374,0.0004377261,0.998405,0.0016632543
m_ttbar_325-2000,5,860,1020,,,0.14384682,0.00027146178,0.14401371,0.00027286975,1.0011602,0.0026773202
m_ttbar_325-2000,6,1020,1250,,,0.076256623,0.00019765024,0.076087214,0.0001983396,0.99777844,0.0036678487
m_ttbar_325-2000,7,1250,1500,,,0.026962919,0.00011752817,0.026661084,0.00011740643,0.98880558,0.0061267737
m_ttbar_325-2000,8,1500,2000,,,0.012824714,8.1055518e-05,0.012881008,8.1607137e-05,1.0043895,0.0089882344
abs_y_ttbar_0-2.5,0,0,0.25,,,0.89591088,0.00067747171,0.90406856,0.00068368203,1.0091055,0.0010791731
abs_y_ttbar_0-2.5,1,0.25,0.5,,,0.85928824,0.00066348057,0.8662497,0.00066922946,1.0081014,0.001101108
abs_y_ttbar_0-2.5,2,0.5,0.8,,,0.93641348,0.00069261602,0.94557243,0.000699199,1.0097809,0.0010561062
abs_y_ttbar_0-2.5,3,0.8,1.1,,,0.79241836,0.00063714176,0.79904516,0.00064274578,1.0083628,0.0011468498
abs_y_ttbar_0-2.5,4,1.1,1.4,,,0.62285729,0.00056487589,0.62845039,0.0005700182,1.0089798,0.0012941617
abs_y_ttbar_0-2.5,5,1.4,1.8,,,0.56381319,0.00053743559,0.56931719,0.0005425384,1.0097621,0.0013610302
abs_y_ttbar_0-2.5,6,1.8,2.5,,,0.40313688,0.0004544489,0.40766951,0.00045910041,1.0112434,0.0016113385
abs_y_boost_0-2.5,0,0,0.25,,,0.89579919,0.00067742947,0.90387054,0.00068360715,1.0090102,0.001079164
abs_y_boost_0-2.5,1,0.25,0.5,,,0.85910438,0.00066340961,0.86630404,0.00066925048,1.0083804,0.0011014544
abs_y_boost_0-2.5,2,0.5,0.8,,,0.93625361,0.00069255688,0.94534795,0.00069911596,1.0097135,0.0010561435
abs_y_boost_0-2.5,3,0.8,1.05,,,0.67198973,0.00058673244,0.67745925,0.00059182755,1.0081393,0.0012451748
abs_y_boost_0-2.5,4,1.05,1.3,,,0.55488687,0.00053316419,0.55982056,0.00053799439,1.0088913,0.0013710463
abs_y_boost_0-2.5,5,1.3,1.6,,,0.50747247,0.00050987663,0.51194229,0.00051447436,1.008808,0.0014335775
abs_y_boost_0-2.5,6,1.6,1.85,,,0.29552527,0.00038909536,0.29885006,0.0003930792,1.0112504,0.0018819925
abs_y_boost_0-2.5,7,1.85,2.15,,,0.22485316,0.00033939724,0.22755844,0.00034300465,1.0120313,0.0021588246
abs_y_boost_0-2.5,8,2.15,2.5,,,0.12793929,0.00025601227,0.12915207,0.00025840702,1.0094793,0.0028565532
HT_ttbar_0-2000,0,0,90,,,0.64501493,0.00057483559,0.69029737,0.00059740869,1.0702037,0.0013294728
HT_ttbar_0-2000,1,90,170,,,1.2577619,0.00080270879,1.2599483,0.00080710458,1.0017384,0.00090581426
HT_ttbar_0-2000,2,170,260,,,1.3533444,0.00083265094,1.3530771,0.00083640139,0.99980255,0.00087197705
HT_ttbar_0-2000,3,260,360,,,0.95247736,0.00069853155,0.9540762,0.00070233593,1.0016786,0.0010408581
HT_ttbar_0-2000,4,360,470,,,0.50989644,0.0005110928,0.50912119,0.00051305528,0.99847961,0.0014191807
HT_ttbar_0-2000,5,470,580,,,0.22049853,0.0003360946,0.22001291,0.00033726982,0.9977976,0.0021570169
HT_ttbar_0-2000,6,580,710,,,0.10670166,0.00023379989,0.10639024,0.00023453328,0.9970814,0.0030991135
HT_ttbar_0-2000,7,710,830,,,0.040230236,0.00014356045,0.04022875,0.00014421872,0.99996306,0.0050580711
HT_ttbar_0-2000,8,830,2000,,,0.036785104,0.00013727602,0.036822627,0.00013797829,1.00102,0.0052938169
