# T = sigma_with / sigma_without per bin (13 TeV, LO MadGraph, CT25NNLO with its alpha_s(Q)).
# WITH: gg |M|^2 -> |M|^2 + (|G/G0|^2 - 1)|M_singlet|^2 for W <= 350 GeV, p* <= 50 GeV (Fuks (16), (19)-(20)); G from our JKT solver with CT25NNLO alpha_s(Q). Parton-level tops (t = b e+ ve, tbar = b~ mu- vm~). Errors: MC statistics of the two independent samples.
# HT_ttbar = pT(t) + pT(tbar); abs_y_boost = |y_t + y_tbar|/2.
distribution,bin,x_lo,x_hi,sigma_without_pb,sigma_without_err,sigma_with_pb,sigma_with_err,T,T_err
abs_y_ttbar_0-2.4,0,0,0.12,0.4286325,0.010473159,0.42840512,0.010502145,0.99946952,0.034593436
abs_y_ttbar_0-2.4,1,0.12,0.24,0.463179,0.010887034,0.43587132,0.010593264,0.94104291,0.031817183
abs_y_ttbar_0-2.4,2,0.24,0.36,0.4114872,0.010261558,0.41913674,0.010387918,1.01859,0.035812401
abs_y_ttbar_0-2.4,3,0.36,0.49,0.4444983,0.010665229,0.42866258,0.0105053,0.96437394,0.033075437
abs_y_ttbar_0-2.4,4,0.49,0.62,0.4268412,0.010451252,0.43303931,0.010558794,1.0145209,0.035056808
abs_y_ttbar_0-2.4,5,0.62,0.76,0.4357977,0.010560333,0.4479717,0.0107393,1.027935,0.035039041
abs_y_ttbar_0-2.4,6,0.76,0.91,0.4219791,0.010391557,0.42093893,0.010410227,0.99753501,0.034814528
abs_y_ttbar_0-2.4,7,0.91,1.06,0.3876885,0.0099603959,0.39158906,0.010040745,1.0100611,0.036662965
abs_y_ttbar_0-2.4,8,1.06,1.21,0.3357408,0.0092690922,0.35194099,0.0095188742,1.0482521,0.040513607
abs_y_ttbar_0-2.4,9,1.21,1.39,0.3452091,0.0093988834,0.34370243,0.0094068011,0.99563547,0.038436604
abs_y_ttbar_0-2.4,10,1.39,1.59,0.304521,0.0088276228,0.33211695,0.0092469005,1.0906208,0.043836038
abs_y_ttbar_0-2.4,11,1.59,2.4,0.6313053,0.012710272,0.64312259,0.0128676,1.0187188,0.028915664
y_ttbar_-2.6-2.6,0,-2.6,-1.6,0.3344613,0.0092514132,0.33443405,0.0092791011,0.99991851,0.03917504
y_ttbar_-2.6-2.6,1,-1.6,-1.2,0.3406029,0.0093359671,0.35039626,0.0094979612,1.028753,0.039657977
y_ttbar_-2.6-2.6,2,-1.2,-0.8,0.4828833,0.011116197,0.50486926,0.011400926,1.0455306,0.033715494
y_ttbar_-2.6-2.6,3,-0.8,-0.4,0.6497301,0.012894415,0.64852914,0.012921574,0.99815161,0.028069876
y_ttbar_-2.6-2.6,4,-0.4,0,0.7177995,0.01355304,0.70388197,0.013461721,0.98061084,0.026354009
y_ttbar_-2.6-2.6,5,0,0.4,0.7221498,0.013594048,0.70516924,0.013474025,0.9764861,0.02619196
y_ttbar_-2.6-2.6,6,0.4,0.8,0.6412854,0.012810345,0.64698441,0.012906176,1.0088869,0.028481594
y_ttbar_-2.6-2.6,7,0.8,1.2,0.5199888,0.011535386,0.52701039,0.011648238,1.0135033,0.031738125
y_ttbar_-2.6-2.6,8,1.2,1.6,0.3446973,0.0093919135,0.360437,0.009633084,1.0456624,0.039909198
y_ttbar_-2.6-2.6,9,1.6,2.6,0.3290874,0.0091767895,0.34009806,0.0093573471,1.0334581,0.040484755
m_ttbar_250-3500,0,250,400,1.0463751,0.016363599,1.0506739,0.016446922,1.0041082,0.022217731
m_ttbar_250-3500,1,400,480,1.5970719,0.0202161,1.6142429,0.020386145,1.0107515,0.018072971
m_ttbar_250-3500,2,480,560,0.9900771,0.015917309,1.0115407,0.016137726,1.0216787,0.023140119
m_ttbar_250-3500,3,560,640,0.5916408,0.012304507,0.58133339,0.012233854,0.98257826,0.029071629
m_ttbar_250-3500,4,640,720,0.3344613,0.0092514132,0.33366168,0.00926838,0.99760923,0.039107247
m_ttbar_250-3500,5,720,800,0.2003697,0.0071606289,0.18716978,0.0069417431,0.9341222,0.048110966
m_ttbar_250-3500,6,800,900,0.1466307,0.0061255854,0.16348392,0.0064876617,1.1149365,0.064242057
m_ttbar_250-3500,7,900,1000,0.0811203,0.00455617,0.084187785,0.0046555951,1.037814,0.081801066
m_ttbar_250-3500,8,1000,1150,0.0644868,0.0040622866,0.06539357,0.0041031575,1.0140613,0.090161754
m_ttbar_250-3500,9,1150,1300,0.0304521,0.0027915394,0.026002955,0.0025873907,0.85389694,0.11552677
m_ttbar_250-3500,10,1300,1500,0.0191925,0.002216159,0.01441748,0.0019266168,0.75120386,0.1326688
m_ttbar_250-3500,11,1500,1700,0.0066534,0.0013048391,0.00978329,0.0015870592,1.4704196,0.37424224
m_ttbar_250-3500,12,1700,2000,0.0066534,0.0013048391,0.004891645,0.0011222203,0.73520982,0.22189835
m_ttbar_250-3500,13,2000,2300,0.0020472,0.0007237945,0.00102982,0.00051491,0.5030383,0.30804679
m_ttbar_250-3500,14,2300,3500,0.0007677,0.0004432318,0.001287275,0.00057568688,1.6767943,1.2245574
m_ttbar_325-2000,0,325,400,1.0443279,0.016347584,1.049644,0.01643886,1.0050905,0.022255808
m_ttbar_325-2000,1,400,480,1.5970719,0.0202161,1.6142429,0.020386145,1.0107515,0.018072971
m_ttbar_325-2000,2,480,580,1.156668,0.017204399,1.1804312,0.017432955,1.0205445,0.021391096
m_ttbar_325-2000,3,580,700,0.6868356,0.013257497,0.67890883,0.013220759,0.98845901,0.027102476
m_ttbar_325-2000,4,700,860,0.3720786,0.009757813,0.3655861,0.0097016478,0.98255073,0.036658272
m_ttbar_325-2000,5,860,1020,0.138186,0.0059465786,0.14494716,0.0061087947,1.048928,0.063180398
m_ttbar_325-2000,6,1020,1250,0.0770259,0.0044396991,0.078008865,0.0044814922,1.0127615,0.082417813
m_ttbar_325-2000,7,1250,1500,0.0276372,0.0026593908,0.019309125,0.0022296257,0.6986643,0.10501506
m_ttbar_325-2000,8,1500,2000,0.0133068,0.0018453211,0.014674935,0.0019437426,1.1028147,0.21148361
abs_y_ttbar_0-2.5,0,0,0.25,0.9281493,0.01541147,0.89620085,0.015189845,0.96557833,0.022910546
abs_y_ttbar_0-2.5,1,0.25,0.5,0.849588,0.014744815,0.85011641,0.014794145,1.000622,0.024592747
abs_y_ttbar_0-2.5,2,0.5,0.8,0.9532275,0.015618288,0.95824751,0.015706865,1.0052663,0.023298099
abs_y_ttbar_0-2.5,3,0.8,1.1,0.7861248,0.014183418,0.80892361,0.014431266,1.0290015,0.026108862
abs_y_ttbar_0-2.5,4,1.1,1.4,0.5993178,0.012384079,0.60553416,0.012485904,1.0103724,0.029494491
abs_y_ttbar_0-2.5,5,1.4,1.8,0.5414844,0.0117714,0.56511373,0.01206198,1.0436381,0.031795366
abs_y_ttbar_0-2.5,6,1.8,2.5,0.4045779,0.010175042,0.41990911,0.010397485,1.0378943,0.036630934
abs_y_boost_0-2.5,0,0,0.25,0.9281493,0.01541147,0.8987754,0.015211648,0.96835219,0.022959564
abs_y_boost_0-2.5,1,0.25,0.5,0.8498439,0.014747035,0.85088877,0.014800864,1.0012295,0.024600231
abs_y_boost_0-2.5,2,0.5,0.8,0.9473418,0.015569996,0.95438568,0.015675183,1.0074354,0.023408173
abs_y_boost_0-2.5,3,0.8,1.05,0.6696903,0.01309098,0.67581937,0.013190644,1.0091521,0.027876524
abs_y_boost_0-2.5,4,1.05,1.3,0.5394372,0.011749127,0.56382645,0.012048234,1.0452124,0.0318919
abs_y_boost_0-2.5,5,1.3,1.6,0.4826274,0.011113251,0.50255216,0.011374734,1.0412839,0.033621021
abs_y_boost_0-2.5,6,1.6,1.85,0.291726,0.0086401784,0.28628996,0.0085852654,0.98136594,0.04136284
abs_y_boost_0-2.5,7,1.85,2.15,0.2239125,0.0075696241,0.23351168,0.0077536282,1.0428703,0.049417009
abs_y_boost_0-2.5,8,2.15,2.5,0.1297413,0.0057620134,0.13773842,0.0059549514,1.061639,0.0658006
HT_ttbar_0-2000,0,0,90,0.6446121,0.012843529,0.68843467,0.013313187,1.0679829,0.029653684
HT_ttbar_0-2000,1,90,170,1.2646578,0.017989606,1.2424778,0.017885249,0.98246168,0.019882611
HT_ttbar_0-2000,2,170,260,1.3567818,0.018633316,1.3686308,0.018771277,1.0087332,0.019578766
HT_ttbar_0-2000,3,260,360,0.941712,0.015523663,0.93765111,0.015537148,0.99568776,0.02327256
HT_ttbar_0-2000,4,360,470,0.4984932,0.011294442,0.51336527,0.011496454,1.029834,0.03280715
HT_ttbar_0-2000,5,470,580,0.2249361,0.0075869064,0.21214292,0.0073903488,0.94312527,0.045731839
HT_ttbar_0-2000,6,580,710,0.1064544,0.0052193564,0.10967583,0.0053138113,1.0302611,0.071015295
HT_ttbar_0-2000,7,710,830,0.0470856,0.0034711965,0.04016298,0.0032156119,0.85297798,0.092833787
HT_ttbar_0-2000,8,830,2000,0.033267,0.0029177089,0.036301155,0.0030571087,1.0912062,0.13268145
